title,description,url,content,category,tokens,topic
Apple stock surges to record high after AI announcements - Yahoo Finance,Apple stock rose to a new intraday record high on Tuesday as investors digested the company's announcement of Apple Intelligence.,https://finance.yahoo.com/news/apple-stock-surges-to-record-high-after-ai-announcements-150325922.html,"Apple's (AAPL) stock surged 7% on Tuesday to reach a record-high close for the first time in 2024 as investors digested the announcement of its AI platform, Apple Intelligence. 
After the stock fell… [+3539 chars]",technology,"['apple', 'aapl', 'stock', 'surged', '7', 'tuesday', 'reach', 'close', 'first', 'time', '2024', 'investors', 'digested', 'announcement', 'ai', 'platform', 'apple', 'intelligence', 'stock', 'chars']",technology
Google's Pixel 8 series gets USB-C to DisplayPort; desktop mode rumors heat up - Ars Technica,Grab a USB-C to DisplayPort cable and newer Pixels can be viewed from your TV or monitor.,https://arstechnica.com/gadgets/2024/06/googles-pixel-8-series-finally-supports-displayport/,"44
Google's June Android update is out, and it's bringing a few notable changes for Pixel phones. The most interesting is that the Pixel 8a, Pixel 8 and Pixel 8 Pro are all getting DisplayPort Alt M… [+1974 chars]",technology,"['44', 'google', 'june', 'android', 'update', 'bringing', 'notable', 'changes', 'pixel', 'phones', 'interesting', 'pixel', '8a', 'pixel', '8', 'pixel', '8', 'pro', 'getting', 'displayport', 'alt', 'chars']",technology
20 Minutes of Kunitsu-Gami: Path of the Goddess Gameplay | Summer Game Fest 2024 - GameSpot,,https://www.youtube.com/watch?v=gkF850G-zzY,"Your browser isnt supported anymore. Update it to get the best YouTube experience and our latest features. Learn more
Remind me later",technology,"['browser', 'isnt', 'supported', 'anymore', 'update', 'get', 'best', 'youtube', 'experience', 'latest', 'features', 'learn', 'remind', 'later']",technology
Apple brings free call recording and transcription to iPhones; journalists rejoice - Nieman Journalism Lab at Harvard,"""There are decades where nothing happens, and there are weeks when decades happen.""",https://www.niemanlab.org/2024/06/apple-brings-free-call-recording-and-transcription-to-iphones-journalists-rejoice/,,technology,[],technology
The Pixel Watch 2 can now detect when you've been in a car crash - The Verge,"Google is updating the Pixel Watch lineup’s safety features, with car crash detection for the Pixel Watch 2 and improved fall detection for bikes on both watches.",https://www.theverge.com/2024/6/11/24176081/google-pixel-watch-crash-fall-detection-paypal-smartwatch-wearables,"The Pixel Watch 2 can now detect when youve been in a car crash
The Pixel Watch 2 can now detect when youve been in a car crash
 / Improved fall detection, PayPal in Google Wallet, and the Google H… [+2045 chars]",technology,"['pixel', 'watch', '2', 'detect', 'youve', 'car', 'crash', 'pixel', 'watch', '2', 'detect', 'youve', 'car', 'crash', 'improved', 'fall', 'detection', 'paypal', 'google', 'wallet', 'google', 'chars']",technology
"The Light Phone 3 adds a better screen, a camera, and new ways to replace your smartphone - The Verge","Light’s minimalist smartphones have been a success for years, and now the company is adding features like an OLED screen, a camera, and NFC to appeal to more people.",https://www.theverge.com/2024/6/11/24176026/light-phone-3-launch-price-release-date,"The Light Phone 3 is a little less light but a lot more useful
The Light Phone 3 is a little less light but a lot more useful
 / Striking the right balance for a minimalist phone is hard, and somet… [+5511 chars]",technology,"['light', 'phone', '3', 'little', 'less', 'light', 'lot', 'useful', 'light', 'phone', '3', 'little', 'less', 'light', 'lot', 'useful', 'striking', 'right', 'balance', 'minimalist', 'phone', 'hard', 'chars']",technology
Treyarch discusses how being on Game Pass is impacting Black Ops 6’s development - Video Games Chronicle,"With an influx of new players expected, the studio wants to make the game as accessible as possible…",https://www.videogameschronicle.com/news/treyarch-discusses-how-being-on-game-pass-is-impacting-black-ops-6s-development/,"Treyarch has discussed how Black Ops 6s inclusion on Game Pass is impacting the final stretch of the new Call of Duty games development.
Microsoft announced at the end of May that Black Ops 6 will b… [+2481 chars]",technology,"['treyarch', 'discussed', 'black', 'ops', '6s', 'inclusion', 'game', 'pass', 'impacting', 'final', 'stretch', 'new', 'call', 'duty', 'games', 'development', 'microsoft', 'announced', 'end', 'may', 'black', 'ops', '6', 'chars']",technology
Microsoft's Copilot Pro subscription is losing a feature. - The Verge,,https://www.theverge.com/2024/6/11/24175943/microsofts-copilot-pro-subscription-is-losing-a-feature,"Posted Jun 11, 2024 
At 11:20 AM UTC
Microsofts Copilot Pro subscription is losing a feature.
Microsofts $20 monthly subscription for Copilot Pro will no longer have GPT Builder next month the fea… [+194 chars]",technology,"['posted', 'jun', '11', '2024', 'utc', 'microsofts', 'copilot', 'pro', 'subscription', 'losing', 'feature', 'microsofts', '20', 'monthly', 'subscription', 'copilot', 'pro', 'longer', 'gpt', 'builder', 'next', 'month', 'chars']",technology
BioWare Confirms More Dragon Age: The Veilguard Details Ahead of Gameplay Reveal - IGN,"BioWare has confirmed more information on Dragon Age: The Veilguard ahead of the RPG's hotly anticipated gameplay reveal today, June 11.",https://www.ign.com/articles/bioware-confirms-more-dragon-age-the-veilguard-details-ahead-of-gameplay-reveal,"BioWare has confirmed more information on Dragon Age: The Veilguard ahead of the RPG's hotly anticipated gameplay reveal today, June 11.
As spotted by Dragon Age YouTuber Jackdaw, BioWare posted a n… [+2865 chars]",technology,"['bioware', 'confirmed', 'information', 'dragon', 'age', 'veilguard', 'ahead', 'rpg', 'hotly', 'anticipated', 'gameplay', 'reveal', 'today', 'june', 'spotted', 'dragon', 'age', 'youtuber', 'jackdaw', 'bioware', 'posted', 'chars']",technology
iOS 18 RCS rollout coming in the fall to bridge Apple & Android messaging gap - AppleInsider,Apple is set to replace an aging texting protocol with a newer one to enhance compatibility with Android. Here's when it will roll out.,https://appleinsider.com/articles/24/06/10/ios-18-rcs-rollout-coming-in-the-fall-to-bridge-apple-android-messaging-gap,"RCS support will be added to the iPhone sometime in 2024
Apple is set to replace an aging texting protocol with a newer one to enhance compatibility with Android. Here's when it will roll out.
RCS,… [+1383 chars]",technology,"['rcs', 'support', 'added', 'iphone', 'sometime', '2024', 'apple', 'set', 'replace', 'aging', 'texting', 'protocol', 'newer', 'one', 'enhance', 'compatibility', 'android', 'roll', 'rcs', 'chars']",technology
Key takeaways from Apple's WWDC - CNBC Television,"Wealth Enhancement's Ayako Yoshioka, CIC Wealth's Malcolm Ethridge, and Big Tech's Alex Kantrowitz join 'Closing Bell' to discuss their takeaways from Apple'...",https://www.youtube.com/watch?v=WzJFFcoJ9OQ,,technology,[],technology
"Apple Unveils Calculator App for iPad With Math Notes, Apple Pencil Support - MacRumors",Apple at WWDC today announced a new Calculator app as part of iPadOS 18 that features special Apple Pencil support and a new Math Notes feature.  ...,https://www.macrumors.com/2024/06/10/apple-calculator-ipad-apple-pencil/,"Apple at WWDC today announced a new Calculator app as part of iPadOS 18 that features special Apple Pencil support and a new Math Notes feature.
Apple says the Math Notes calculator allows users to … [+975 chars]",technology,"['apple', 'wwdc', 'today', 'announced', 'new', 'calculator', 'app', 'part', 'ipados', '18', 'features', 'special', 'apple', 'pencil', 'support', 'new', 'math', 'notes', 'feature', 'apple', 'says', 'math', 'notes', 'calculator', 'allows', 'users', 'chars']",technology
Apple Vision Pro arrives in new countries and regions beginning June 28 - Apple,"Apple Vision Pro will be available in Australia, Canada, China mainland, France, Germany, Hong Kong, Japan, Singapore, and the U.K. in June.",https://www.apple.com/newsroom/2024/06/apple-vision-pro-arrives-in-new-countries-and-regions-beginning-june-28/,"June 10, 2024
PRESS RELEASE
Apple Vision Pro arrives in new countries and regions beginning June 28
Customers in China mainland, Hong Kong, Japan, and Singapore can pre-order Apple Vision Pro on J… [+14799 chars]",technology,"['june', '10', '2024', 'press', 'release', 'apple', 'vision', 'pro', 'arrives', 'new', 'countries', 'regions', 'beginning', 'june', '28', 'customers', 'china', 'mainland', 'hong', 'kong', 'japan', 'singapore', 'apple', 'vision', 'pro', 'chars']",technology
Microsoft confirms 3 new Xbox consoles for 2024 — here's all the upgrades - Tom's Guide,Xbox could steal the PS5 Pro’s spotlight with new hardware of its own,https://www.tomsguide.com/gaming/xbox/microsoft-confirms-3-new-xbox-consoles-for-2024-heres-what-we-know,"New console hardware is on the horizon and while much of the focus has been placed on the (currently unannounced) PS5 Pro and Nintendo Switch 2, Microsoft is hoping to tempt players to enter the Xbox… [+2924 chars]",technology,"['new', 'console', 'hardware', 'horizon', 'much', 'focus', 'placed', 'currently', 'unannounced', 'ps5', 'pro', 'nintendo', 'switch', '2', 'microsoft', 'hoping', 'tempt', 'players', 'enter', 'chars']",technology
"2024 U.S. Open odds, predictions, picks: Scottie Scheffler projection from golf model that hit last two majors - CBS Sports","Scottie Scheffler, the No. 1 player in world golf, will seek his third career major championship in the 2024 U.S. Open at Pinehurst No. 2",https://www.cbssports.com/golf/news/2024-u-s-open-odds-predictions-picks-scottie-scheffler-projection-from-golf-model-that-hit-last-two-majors/,"After an eventful PGA Championship on and off the course, Scottie Scheffler got back to his dominant ways by tying for second at the Charles Schwab Challenge and winning the Memorial Tournament. The … [+7306 chars]",sports,"['eventful', 'pga', 'championship', 'course', 'scottie', 'scheffler', 'got', 'back', 'dominant', 'ways', 'tying', 'second', 'charles', 'schwab', 'challenge', 'winning', 'memorial', 'tournament', 'chars']",sports
"USMNT, its sights on Copa América, braces for friendly vs Brazil - The Washington Post","The U.S. men’s national soccer team will face five-time world champion Brazil in a friendly in Orlando, the last test before Copa América begins later this month.",https://www.washingtonpost.com/sports/2024/06/11/usmnt-brazil-friendly-copa-america/,"ORLANDO Gregg Berhalter says his mission remains steady, even after a bruising and embarrassing defeat over the weekend and renewed calls from a furious fan base for his sacking.
The U.S. mens natio… [+4217 chars]",sports,"['orlando', 'gregg', 'berhalter', 'says', 'mission', 'remains', 'steady', 'even', 'bruising', 'embarrassing', 'defeat', 'weekend', 'renewed', 'calls', 'furious', 'fan', 'base', 'sacking', 'mens', 'chars']",sports
Kyrie tells 'hermano' Luka: 'I got to play better' - ESPN,Kyrie Irving said he told teammate Luka Doncic that he has to play better after averaging just 14 points in the first two games of the NBA Finals.,https://www.espn.com/nba/story/_/id/40328203/got-play-better,"DALLAS -- The blame for the Dallas Mavericks being down 2-0 in the NBA Finals begins with Kyrie Irving.
Irving made that clear during a conversation with his co-star Luka Doncic in the wake of the M… [+2602 chars]",sports,"['dallas', 'blame', 'dallas', 'mavericks', 'nba', 'finals', 'begins', 'kyrie', 'irving', 'irving', 'made', 'clear', 'conversation', 'luka', 'doncic', 'wake', 'chars']",sports
Kristaps Porzingis has 'rare' leg injury; NBA Finals status uncertain - ESPN,"Celtics center Kristaps Porzingis suffered what the team called a ""rare injury"" to his left leg and is considered day-to-day for the remainder of the NBA Finals.",https://www.espn.com/nba/story/_/id/40328074/kristaps-porzingis-rare-leg-injury-nba-finals-status-uncertain,"Celtics center Kristaps Porzingis suffered what the team called a ""rare injury"" to his left leg and is considered day-to-day for Boston's upcoming games in the NBA Finals.
The Celtics announced Tues… [+4261 chars]",sports,"['celtics', 'center', 'kristaps', 'porzingis', 'suffered', 'team', 'called', 'rare', 'injury', 'left', 'leg', 'considered', 'boston', 'upcoming', 'games', 'nba', 'finals', 'celtics', 'announced', 'chars']",sports
"Luka Dončić reportedly had pain-killing injection ahead of NBA Finals Game 2, likely needs another for Game 3 - Yahoo Sports",Dončić had the injection to address his thoracic contusion.,https://sports.yahoo.com/luka-doncic-reportedly-had-pain-killing-injection-ahead-of-nba-finals-game-2-likely-needs-another-for-game-3-182312561.html,"Dallas Mavericks star Luka Doni had a pain-killing injection ahead of Game 2 of the NBA Finals against the Boston Celtics to address his thoracic contusion, ESPN reported Tuesday.
He's expected to n… [+2191 chars]",sports,"['dallas', 'mavericks', 'star', 'luka', 'doni', 'injection', 'ahead', 'game', '2', 'nba', 'finals', 'boston', 'celtics', 'address', 'thoracic', 'contusion', 'espn', 'reported', 'tuesday', 'expected', 'chars']",sports
3 Observations: Bolts Defense Comes Up Clutch in Red Zone - Chargers.com,The Bolts defense denied the offense a touchdown on three straight red-zone plays during Day 1 of mandatory minicamp,https://www.chargers.com/news/minicamp-practice-justin-herbert-jim-harbaugh,,sports,[],sports
Travis Kelce: I'm gonna keep going until the wheels come off - NBC Sports,"Tight end Travis Kelce has had a lot going on away from the football field in recent years, but he's not ready for that to become the main focus of his life.",https://www.nbcsports.com/nfl/profootballtalk/rumor-mill/news/travis-kelce-im-gonna-keep-going-until-the-wheels-come-off,"Tight end Travis Kelce has had a lot going on away from the football field in recent years, but hes not ready for that to become the main focus of his life. 
Kelce said at a Tuesday press conference… [+955 chars]",sports,"['tight', 'end', 'travis', 'kelce', 'lot', 'going', 'away', 'football', 'field', 'recent', 'years', 'hes', 'ready', 'become', 'main', 'focus', 'life', 'kelce', 'said', 'tuesday', 'press', 'chars']",sports
J.T. Realmuto to have right knee surgery - MLB.com,,https://www.mlb.com/news/j-t-realmuto-right-knee-surgery,,sports,[],sports
Mets Designate Tomás Nido For Assignment - MLB Trade Rumors,"The Mets announced that catcher Francisco Alvarez has been reinstated from the 10-day injured list, with fellow backstop Tomás Nido &hellip;",https://www.mlbtraderumors.com/2024/06/mets-designate-tomas-nido-for-assignment.html,"The Mets announced that catcher Francisco Alvarez has been reinstated from the 10-day injured list, with fellow backstop Tomás Nido designated for assignment in a corresponding move.
Alvarez tore th… [+2885 chars]",sports,"['mets', 'announced', 'catcher', 'francisco', 'alvarez', 'reinstated', 'injured', 'list', 'fellow', 'backstop', 'tomás', 'nido', 'designated', 'assignment', 'corresponding', 'move', 'alvarez', 'tore', 'chars']",sports
Joey Chestnut is out of 2024 Nathan's hot dog eating contest in beef over vegan franks - New York Post ,"A rep for Major League Eating,  which Nathan’s sanctions to run the event, said the organizers bent over backwards to meet Chestnut’s various other demands.",https://nypost.com/2024/06/11/business/joey-chestnut-banned-from-2024-nathans-hot-dog-eating-contest/,"This hot dog news from Coney Island is hard to swallow.
Joey Chestnut, perennial winner of the annual July 4th Nathans Hot Dog Eating Competition, is out of this years beef barf over a deal he made … [+2199 chars]",sports,"['hot', 'dog', 'news', 'coney', 'island', 'hard', 'swallow', 'joey', 'chestnut', 'perennial', 'winner', 'annual', 'july', '4th', 'nathans', 'hot', 'dog', 'eating', 'competition', 'years', 'beef', 'barf', 'deal', 'made', 'chars']",sports
Tiger Woods prepares for 1st appearance at U.S. Open since 2020 - ESPN,Tiger Woods said he likes the weather conditions at this year's U.S. Open and thinks his body is good enough to compete and win.,https://www.espn.com/golf/story/_/id/40327505/tiger-woods-prepares-1st-appearance-us-open-2019,"PINEHURST, N.C. -- Tiger Woods, who last made the cut at the U.S. Open in 2019, said Tuesday that he likes that this week's tournament will be played in Florida-like heat, which will help his surgica… [+5146 chars]",sports,"['pinehurst', 'tiger', 'woods', 'last', 'made', 'cut', 'open', '2019', 'said', 'tuesday', 'likes', 'week', 'tournament', 'played', 'heat', 'help', 'chars']",sports
Florida Panthers: Aleksander Barkov injury update - Miami Herald,,https://www.miamiherald.com/sports/nhl/florida-panthers/article289172589.html,,sports,[],sports
College World Series Preview: Breaking down FSU Baseball's seven opponents in Omaha - 247Sports,,https://247sports.com/college/florida-state/longformarticle/mens-college-world-series-preview-florida-state-seminoles-fsu-baseball--232759364/,,sports,[],sports
Ranking all 30 NBA head coaching jobs right now: Why Lakers are near bottom and Dan Hurley was right to say no - CBS Sports,Los Angeles has a below-average coaching job to offer,https://www.cbssports.com/nba/news/ranking-all-30-nba-head-coaching-jobs-right-now-why-lakers-are-near-bottom-and-dan-hurley-was-right-to-say-no/,"When Dan Hurley passed on the Los Angeles Lakers, it sparked a debate about the job that the NBA's marquee franchise was actually offering. The Laker brand remains strong, but, in practical terms, is… [+36589 chars]",sports,"['dan', 'hurley', 'passed', 'los', 'angeles', 'lakers', 'sparked', 'debate', 'job', 'nba', 'marquee', 'franchise', 'actually', 'offering', 'laker', 'brand', 'remains', 'strong', 'practical', 'terms', 'chars']",sports
ESPN announces remainder of 2024 SEC football schedule - Southeastern Conference,"ESPN has released the approximate start times for the remainder of the 2024 SEC football season, with all SEC games exclusively on ABC and ESPN platforms for the first time.",https://www.secsports.com/news/2024/06/espn-announces-remainder-of-2024-sec-football-schedule,"ESPN has released the approximate start times for the remainder of the 2024 SEC football season, with all SEC games exclusively on ABC and ESPN platforms for the first time.",sports,"['espn', 'released', 'approximate', 'start', 'times', 'remainder', '2024', 'sec', 'football', 'season', 'sec', 'games', 'exclusively', 'abc', 'espn', 'platforms', 'first', 'time']",sports
"Amari Cooper skips day 1 of Browns camp, Kevin Stefanski comments after practice - Dawgs By Nature",An unexpected development at Browns minicamp,https://www.dawgsbynature.com/2024/6/11/24176169/amari-cooper-browns-minicamp-contract,"All is not peaceful for the Cleveland Browns as mandatory minicamp kicks off. Shortly before day one of minicamp opened, it was expected that the entire Browns roster would be in attendance. With tha… [+1386 chars]",sports,"['peaceful', 'cleveland', 'browns', 'mandatory', 'minicamp', 'kicks', 'shortly', 'day', 'one', 'minicamp', 'opened', 'expected', 'entire', 'browns', 'roster', 'would', 'attendance', 'chars']",sports
"Aaron Rodgers Skips Jets' Mandatory Minicamp for Previous Engagement, Subject to Fine - Bleacher Report",,https://news.google.com/rss/articles/CBMigAFodHRwczovL2JsZWFjaGVycmVwb3J0LmNvbS9hcnRpY2xlcy8xMDEyNDM1NS1hYXJvbi1yb2RnZXJzLXNraXBzLWpldHMtbWFuZGF0b3J5LW1pbmljYW1wLWZvci1wcmV2aW91cy1lbmdhZ2VtZW50LXN1YmplY3QtdG8tZmluZdIBkAFodHRwczovL3N5bmRpY2F0aW9uLmJsZWFjaGVycmVwb3J0LmNvbS9hbXAvMTAxMjQzNTUtYWFyb24tcm9kZ2Vycy1za2lwcy1qZXRzLW1hbmRhdG9yeS1taW5pY2FtcC1mb3ItcHJldmlvdXMtZW5nYWdlbWVudC1zdWJqZWN0LXRvLWZpbmUuYW1wLmh0bWw?oc=5,,sports,[],sports
ESPN No. 7 prospect Thomas goes to Overtime Elite - ESPN,"Meleek Thomas, the No. 7 basketball prospect in ESPN's class of 2025, is leaving Lincoln Park Performing Arts High School in Pittsburgh to sign with Overtime Elite.",https://www.espn.com/mens-college-basketball/story/_/id/40326937/espn-no-7-prospect-thomas-goes-elite,"Meleek Thomas, the No. 7 basketball prospect in ESPN's class of 2025, is leaving Lincoln Park Performing Arts High School in Pittsburgh to sign with Overtime Elite, he told ESPN on Tuesday.
""I did e… [+2816 chars]",sports,"['meleek', 'thomas', '7', 'basketball', 'prospect', 'espn', 'class', '2025', 'leaving', 'lincoln', 'park', 'performing', 'arts', 'high', 'school', 'pittsburgh', 'sign', 'overtime', 'elite', 'told', 'espn', 'tuesday', 'chars']",sports
Rahm says foot infection 'a concern' at U.S. Open - ESPN,"Jon Rahm said the foot infection that forced him to withdraw from last week's LIV Golf tournament in Houston is ""a concern"" headed into this week's U.S. Open at Pinehurst.",https://www.espn.com/golf/story/_/id/40326934/jon-rahm-says-foot-infection-concern-ahead-us-open,"PINEHURST, N.C. -- Jon Rahm walked into the U.S. Open news conference room Tuesday with a golf shoe on his right foot, a flip-flop on his left foot, complete with a toe separator.
The two-time major… [+2194 chars]",sports,"['pinehurst', 'jon', 'rahm', 'walked', 'open', 'news', 'conference', 'room', 'tuesday', 'golf', 'shoe', 'right', 'foot', 'left', 'foot', 'complete', 'toe', 'separator', 'chars']",sports
Randy Gregory is an unexcused absence from Bucs mandatory minicamp - NBC Sports,"Left tackle Tristan Wirfs reported to the Buccaneers' facility for the start of their mandatory minicamp on Tuesday, but another veteran member of the team decided not to join him at the workout.",https://www.nbcsports.com/nfl/profootballtalk/rumor-mill/news/randy-gregory-is-an-unexcused-absence-from-bucs-mandatory-minicamp,"Left tackle Tristan Wirfs reported to the Buccaneers facility for the start of their mandatory minicamp on Tuesday, but another veteran member of the team decided not to join him at the workout. 
Ed… [+479 chars]",sports,"['left', 'tackle', 'tristan', 'wirfs', 'reported', 'buccaneers', 'facility', 'start', 'mandatory', 'minicamp', 'tuesday', 'another', 'veteran', 'member', 'team', 'decided', 'join', 'workout', 'chars']",sports
Elon Musk drops suit against OpenAI and Sam Altman - CNBC,"Elon Musk withdrew his lawsuit against OpenAI, Sam Altman and Greg Brockman on Tuesday in California state court.",https://www.cnbc.com/2024/06/11/elon-musk-drops-suit-against-openai-and-sam-altman.html,"Elon Musk on Tuesday withdrew his lawsuit against OpenAI and two of the company's co-founders, Sam Altman and Greg Brockman, in California state court. In February, Musk had filed a lawsuit for breac… [+2023 chars]",business,"['elon', 'musk', 'tuesday', 'withdrew', 'lawsuit', 'openai', 'two', 'company', 'sam', 'altman', 'greg', 'brockman', 'california', 'state', 'court', 'february', 'musk', 'filed', 'lawsuit', 'chars']",business
"Stock market news for June 11, 2024 - CNBC",The moves come after a muted but important day on the Street.,https://www.cnbc.com/2024/06/10/stock-market-today-live-updates.html,"The S&amp;P 500 and the Nasdaq Composite rose to fresh closing records on Tuesday, led upward by Apple as the iPhone maker surged to an all-time high.
The broad market index gained 0.27%, closing at… [+2069 chars]",business,"['amp', 'p', '500', 'nasdaq', 'composite', 'rose', 'fresh', 'closing', 'records', 'tuesday', 'led', 'upward', 'apple', 'iphone', 'maker', 'surged', 'high', 'broad', 'market', 'index', 'gained', 'closing', 'chars']",technology
Shari Redstone Ends Talks With Skydance About Paramount Merger: Report - Variety,Shari Redstone has reportedly walked away from a deal that would have merged Paramount Global with David Ellison's Skydance Media.,https://variety.com/2024/biz/news/paramount-skydance-ends-talks-shari-redstone-1236027264/,"After more than six months of on-again-off-again talks, Shari Redstone has ended negotiations with David Ellison‘s Skydance Media about a prospective merger with Paramount Global.
Redstone is Paramo… [+3882 chars]",business,"['six', 'months', 'talks', 'shari', 'redstone', 'ended', 'negotiations', 'david', 'ellison', 'skydance', 'media', 'prospective', 'merger', 'paramount', 'global', 'redstone', 'chars']",business
Apple Call Volume Hits Highest Since 2021 as Shares Reach Record - Yahoo Finance,(Bloomberg) -- The number of call options traded in Apple Inc. hit its highest level since 2021 as shares rebounded from a Monday slump to touch a fresh all-...,https://finance.yahoo.com/news/apple-call-volume-hits-highest-191745171.html,"(Bloomberg) -- The number of call options traded in Apple Inc. hit its highest level since 2021 as shares rebounded from a Monday slump to touch a fresh all-time high.
Most Read from Bloomberg
The … [+1516 chars]",business,"['bloomberg', 'number', 'call', 'options', 'traded', 'apple', 'hit', 'highest', 'level', 'since', '2021', 'shares', 'rebounded', 'monday', 'slump', 'touch', 'fresh', 'high', 'read', 'bloomberg', 'chars']",technology
"GM lowers EV production targets amid slow demand, says EVs will show 'variable profit' - Detroit Free Press",,https://www.freep.com/story/money/cars/general-motors/2024/06/11/gm-electric-vehicles-production-demand/74055964007/,,business,[],business
"Nvidia Stock Split Might Not Lead To Sustained Rally, But It Could Replace Intel In Dow Index - Yahoo Finance",,https://finance.yahoo.com/news/nvidia-stock-split-might-not-180445889.html,"If you click 'Accept all', we and our partners, including 238 who are part of the IAB Transparency &amp; Consent Framework, will also store and/or access information on a device (in other words, use … [+678 chars]",business,"['click', 'partners', 'including', '238', 'part', 'iab', 'transparency', 'amp', 'consent', 'framework', 'also', 'store', 'access', 'information', 'device', 'words', 'use', 'chars']",business
Jackpot! Club claims $842 million Powerball prize in Grand Blanc - WJRT,The Breakfast Club won the $842 million Powerball jackpot on New Year's Day with a ticket purchased at the Food Castle in Grand Blanc Township.,https://www.abc12.com/news/lottery/jackpot-club-claims-842-million-powerball-prize-in-grand-blanc/article_4ec35fa0-27f3-11ef-a1e3-b3a53eb843dd.html,"The Breakfast Club won the $842 million Powerball jackpot on New Year's Day with a ticket purchased at the Food Castle in Grand Blanc Township.
GRAND BLANC TOWNSHIP, Mich. (WJRT) - A six-month myste… [+3930 chars]",business,"['breakfast', 'club', '842', 'million', 'powerball', 'jackpot', 'new', 'year', 'day', 'ticket', 'purchased', 'food', 'castle', 'grand', 'blanc', 'township', 'grand', 'blanc', 'township', 'wjrt', 'chars']",business
"Buc-ee's opens largest store spanning 75,000 square feet with 120 gas pumps - Fox Business","A newly-opened Buc-ee’s is living up to the saying that everything’s bigger in Texas, sprawling over 75,000 square feet. It has become the travel center chain's largest location.",https://www.foxbusiness.com/lifestyle/buc-ees-opens-largest-store-spanning-75000-square-feet-120-gas-pumps,"A newly opened Buc-ee’s is living up to the saying that everything’s bigger in Texas. 
The new travel center, which officially opened for business on Monday, sprawls over 75,000 square feet in Lulin… [+2089 chars]",business,"['newly', 'opened', 'living', 'saying', 'everything', 'bigger', 'texas', 'new', 'travel', 'center', 'officially', 'opened', 'business', 'monday', 'sprawls', 'square', 'feet', 'chars']",business
"Cryptocurrencies fall as investors await Fed decision, bitcoin dips under $67,000 - CNBC",Cryptocurrencies slumped on Tuesday as bitcoin extended its recent slide and investors awaited the Federal Reserve's next rate decision.,https://www.cnbc.com/2024/06/11/cryptocurrencies-fall-as-investors-await-fed-decision-bitcoin-dips-under-67000.html,"Cryptocurrencies slumped on Tuesday as bitcoin extended its recent slide and investors awaited the Federal Reserve's next rate decision.
The price of bitcoin was last lower by 3% at $67,582.34, acco… [+2021 chars]",business,"['cryptocurrencies', 'slumped', 'tuesday', 'bitcoin', 'extended', 'recent', 'slide', 'investors', 'awaited', 'federal', 'reserve', 'next', 'rate', 'decision', 'price', 'bitcoin', 'last', 'lower', '3', 'chars']",business
"Rent prices are stagnating, suggesting high inflation may stick around - Fox Business","A new report published by Realtor.com found that decreases in rental prices slowed in May, which could mean that inflation will remain elevated this year.",https://www.foxbusiness.com/economy/rent-prices-stagnating-suggesting-high-inflation-may-stick-around,"Once-rapid declines in rental prices are stalling out, a sign that high inflation could be here to stay. 
A new report published by Realtor.com shows that rents declined for the 10th straight month … [+2834 chars]",business,"['declines', 'rental', 'prices', 'stalling', 'sign', 'high', 'inflation', 'could', 'stay', 'new', 'report', 'published', 'shows', 'rents', 'declined', '10th', 'straight', 'month', 'chars']",business
[Removed],[Removed],https://removed.com,[Removed],business,['removed'],business
Raytheon sued for age discrimination in hiring practices - The Washington Post,The AARP Foundation filed a lawsuit on behalf of a 67-year-old Virginia resident who applied to many positions at Raytheon but never received an interview.,https://www.washingtonpost.com/business/2024/06/11/raytheon-age-discrimination/,"A 67-year-old Virginia man sued Raytheon on Tuesday for age discrimination, claiming that the aerospace giant illegally favors recent college graduates over older workers in its hiring process.
The … [+4539 chars]",business,"['virginia', 'man', 'sued', 'raytheon', 'tuesday', 'age', 'discrimination', 'claiming', 'aerospace', 'giant', 'illegally', 'favors', 'recent', 'college', 'graduates', 'older', 'workers', 'hiring', 'process', 'chars']",business
Germany launches 11th-hour bid to avert trade war with China - POLITICO Europe,Germany wants the EU to set tariffs on electric vehicles at a low level to avoid severe retaliation from Beijing.,https://www.politico.eu/article/france-germany-conflict-eu-chinese-ev-electric-vehicle-duties/,"As long as individual member states are kind of played off each other like that, that is very much in Beijings interest and suits their interests more than European interest writ large, Jacob Gunter,… [+1672 chars]",business,"['long', 'individual', 'member', 'states', 'kind', 'played', 'like', 'much', 'beijings', 'interest', 'suits', 'interests', 'european', 'interest', 'writ', 'large', 'jacob', 'gunter', 'chars']",business
Is AMD Stock a Buy After Following Nvidia's Footsteps? - The Motley Fool,"Advanced Micro Devices is releasing new AI chips annually, following the annual cadence Nvidia announced late last year.",https://www.fool.com/investing/2024/06/11/is-amd-stock-a-buy-after-following-nvidias-footste/,"Advanced Micro Devices is releasing new AI chips annually, following the annual cadence Nvidia announced late last year.In today's video, I discuss recent updates impacting Advanced Micro Devices(AMD… [+219 chars]",business,"['advanced', 'micro', 'devices', 'releasing', 'new', 'ai', 'chips', 'annually', 'following', 'annual', 'cadence', 'nvidia', 'announced', 'late', 'last', 'today', 'video', 'discuss', 'recent', 'updates', 'impacting', 'advanced', 'micro', 'devices', 'chars']",technology
In-N-Out raises prices in response to California’s minimum wage increase - KTLA Los Angeles,In-N-Out is raising prices again just two months after California instituted a minimum wage increase for fast food workers.  The president of the popular fast food chain Lynsi Snyder said in April that she fought to keep prices down when the new minimum wage …,https://ktla.com/news/california/in-n-out-raises-prices-in-response-to-californias-minimum-wage-increase/,"In-N-Out is raising prices again just two months after California instituted a minimum wage increase for fast food workers. 
The president of the popular fast food chain Lynsi Snyder said in April t… [+1013 chars]",business,"['raising', 'prices', 'two', 'months', 'california', 'instituted', 'minimum', 'wage', 'increase', 'fast', 'food', 'workers', 'president', 'popular', 'fast', 'food', 'chain', 'lynsi', 'snyder', 'said', 'april', 'chars']",business
"Who Is Bidding for Paramount? David Ellison, Sony, Byron Allen Compete - Bloomberg","Six months into the battle to acquire Paramount Global, at least five potential suitors have emerged for the storied film and TV company.",https://www.bloomberg.com/news/articles/2024-06-11/who-is-bidding-for-paramount-david-ellison-sony-byron-allen-compete,"Six months into the battle to acquire Paramount Global, at least five potential suitors have emerged for the storied film and TV company. 
Reports that chair Shari Redstone whose family company owns… [+179 chars]",business,"['six', 'months', 'battle', 'acquire', 'paramount', 'global', 'least', 'five', 'potential', 'suitors', 'emerged', 'storied', 'film', 'tv', 'company', 'reports', 'chair', 'shari', 'redstone', 'whose', 'family', 'company', 'chars']",business
Exclusive: US House panel finds Wall St 'colluded' to curb emissions - Reuters.com,,https://www.reuters.com/sustainability/us-house-committee-report-finds-wall-street-colluded-curb-emissions-2024-06-11/,,business,[],business
[Removed],[Removed],https://removed.com,[Removed],business,['removed'],business
See porch pirate snag a package just seconds after delivery - CNN,Surveillance video shows porch pirate steal a package even before the delivery guy leaves the porch. CNN’s Jeanne Moos reports.,https://www.cnn.com/2024/06/11/entertainment/video/brazen-porch-pirate-moos-cprog-digvid-bdk,Surveillance video shows porch pirate steal a package even before the delivery guy leaves the porch. CNN's Jeanne Moos reports.,business,"['surveillance', 'video', 'shows', 'porch', 'pirate', 'steal', 'package', 'even', 'delivery', 'guy', 'leaves', 'porch', 'cnn', 'jeanne', 'moos', 'reports']",business
"Apple Pay will have more payment options this fall and will also welcome Windows, Chrome users - Yahoo Finance","Apple Inc. plans to add several new features to Apple Pay and Apple Wallet later this year that will more deeply integrate financing, rewards, and buy now...",https://finance.yahoo.com/news/apple-pay-more-payment-options-160611907.html,"NEW YORK (AP) Apple Inc. plans to add several new features to Apple Pay and Apple Wallet later this year that will more deeply integrate financing, rewards, and buy now, pay later options into the iP… [+1852 chars]",business,"['new', 'york', 'ap', 'apple', 'plans', 'add', 'several', 'new', 'features', 'apple', 'pay', 'apple', 'wallet', 'later', 'year', 'deeply', 'integrate', 'financing', 'rewards', 'buy', 'pay', 'later', 'options', 'chars']",technology
"New King Charles portrait vandalized in London gallery, animal rights group says - ABC News","Activists with Animal Rising said they ""redecorated"" the painting on Tuesday.",https://abcnews.go.com/International/new-king-charles-portrait-vandalized-london-museum-animal/story?id=111013378,"LONDON -- A recently unveiled portrait of King Charles was vandalized in a London gallery on Tuesday by an activist animal rights group, the group said.
Two of the group's supporters ""pasted the fac… [+1346 chars]",entertainment,"['london', 'recently', 'unveiled', 'portrait', 'king', 'charles', 'vandalized', 'london', 'gallery', 'tuesday', 'activist', 'animal', 'rights', 'group', 'group', 'said', 'two', 'group', 'supporters', 'pasted', 'chars']",entertainment
[Removed],[Removed],https://removed.com,[Removed],entertainment,['removed'],entertainment
"Billy Ray Cyrus files for divorce from Firerose, alleges 'inappropriate marital conduct' - New York Post ",Billy Ray Cyrus is reportedly requesting an annulment and claiming that his marriage to Firerose was obtained by fraud.,https://nypost.com/2024/06/11/entertainment/billy-ray-cyrus-files-for-divorce-from-firerose-alleges-inappropriate-marital-conduct/,"Billy Ray Cyrus is getting divorced again.
The country singer, 62, filed for divorce in May from his wife, Australian musician Johanna Firerose Hodges, 34, after less than one year of marriage, TMZ … [+4093 chars]",entertainment,"['billy', 'ray', 'cyrus', 'getting', 'divorced', 'country', 'singer', '62', 'filed', 'divorce', 'may', 'wife', 'australian', 'musician', 'johanna', 'firerose', 'hodges', '34', 'less', 'one', 'year', 'marriage', 'tmz', 'chars']",entertainment
Sage Steele Sues CAA Over Alleged Conflict of Interest In Free Speech Standoff With ESPN - Hollywood Reporter,The lawsuit stems from the agency's handling of Steele's standoff with ESPN and Disney over comments she made about the COVID-19 vaccine mandate.,http://www.hollywoodreporter.com/business/business-news/sage-steele-sues-caa-1235919943/,"After suing ESPN for allegedly suspending her in retaliation for comments she made on a podcast regarding the COVID-19 vaccine mandate, former ESPN host Sage Steele has filed a lawsuit against CAA an… [+3071 chars]",entertainment,"['suing', 'espn', 'allegedly', 'suspending', 'retaliation', 'comments', 'made', 'podcast', 'regarding', 'vaccine', 'mandate', 'former', 'espn', 'host', 'sage', 'steele', 'filed', 'lawsuit', 'caa', 'chars']",entertainment
Is Hollywood Afraid of Political Movies? - Hollywood Reporter,"As the Trump biopic 'The Apprentice' struggles to land U.S. distribution, insiders point to a broad climate of reluctance to pick up polarizing real-world titles.",http://www.hollywoodreporter.com/movies/movie-news/the-apprentice-trump-movie-1235919872/,"“I think it’s time to make movies relevant,” said Ali Abbasi to the cheering crowd at the May 20 Cannes premiere of his Donald Trump biopic The Apprentice. “It’s time to make movies political again.”… [+8215 chars]",entertainment,"['think', 'time', 'make', 'movies', 'relevant', 'said', 'ali', 'abbasi', 'cheering', 'crowd', 'may', '20', 'cannes', 'premiere', 'donald', 'trump', 'biopic', 'apprentice', 'time', 'make', 'movies', 'political', 'chars']",entertainment
‘Inside Out 2’ Eyes $135M Global Opening As Summer Box Office Rebound Continues – Preview - Deadline,"'Inside Out 2' will further keep summer box office on an upbeat note with $85M U.S. opening, $135M worldwide.",http://deadline.com/2024/06/inside-out-2-box-office-projection-1235970379/,"After the overperformance of Sony’s Bad Boys: Ride or Die, summer’s big wheels keep on turnin’ as Disney/Pixar‘s Inside Out 2is looking at what could be the biggest stateside opening of the year to d… [+4015 chars]",entertainment,"['overperformance', 'sony', 'bad', 'boys', 'ride', 'die', 'summer', 'big', 'wheels', 'keep', 'turnin', 'inside', '2is', 'looking', 'could', 'biggest', 'stateside', 'opening', 'year', 'chars']",entertainment
"‘The Boys’ Showrunner Eric Kripke on Final Season’s A-List Guest Stars, Future of ‘Gen V’ and ‘Couple’ of Other Spinoffs in Development - Variety","'The Boys' showrunner Eric Kripke talks future spinoffs, potential Season 5 cameos and more.",https://variety.com/2024/tv/news/the-boys-eric-kripke-future-spinoffs-season-5-cameos-1236033624/,"“The Boys” are back this week — but they’ll soon be gone for good.
Amazon’s satirical superhero drama will be ending with Season 5, which was announced by showrunner Eric Kripke Tuesday morning, ahe… [+5187 chars]",entertainment,"['boys', 'back', 'week', 'soon', 'gone', 'good', 'amazon', 'satirical', 'superhero', 'drama', 'ending', 'season', '5', 'announced', 'showrunner', 'eric', 'kripke', 'tuesday', 'morning', 'chars']",entertainment
[Removed],[Removed],https://removed.com,[Removed],entertainment,['removed'],entertainment
A restaurant wanting a 'grown and sexy' vibe bans diners under 30 - Yahoo Life,,https://www.yahoo.com/lifestyle/restaurant-wanting-grown-sexy-vibe-001215014.html,"If you click 'Accept all', we and our partners, including 238 who are part of the IAB Transparency &amp; Consent Framework, will also store and/or access information on a device (in other words, use … [+678 chars]",entertainment,"['click', 'partners', 'including', '238', 'part', 'iab', 'transparency', 'amp', 'consent', 'framework', 'also', 'store', 'access', 'information', 'device', 'words', 'use', 'chars']",entertainment
[Removed],[Removed],https://removed.com,[Removed],entertainment,['removed'],entertainment
'Creepy': Democratic strategist reacts to Trump commenting on Taylor Swift's looks - CNN,,https://www.youtube.com/watch?v=WjY-iUI73yg,"Your browser isnt supported anymore. Update it to get the best YouTube experience and our latest features. Learn more
Remind me later",entertainment,"['browser', 'isnt', 'supported', 'anymore', 'update', 'get', 'best', 'youtube', 'experience', 'latest', 'features', 'learn', 'remind', 'later']",entertainment
Dallas chefs win zero James Beard Awards at 2024 announcement - The Dallas Morning News,,https://news.google.com/rss/articles/CBMiiQFodHRwczovL3d3dy5kYWxsYXNuZXdzLmNvbS9mb29kL3Jlc3RhdXJhbnQtbmV3cy8yMDI0LzA2LzExL3plcm8td2lucy1qYW1lcy1iZWFyZC1kYWxsYXMtY2hlZnMtcmVzdGF1cmFudHMtbHVjaWEtZ2VtbWEtcGV0cmEtZGlzYXBwb2ludGVkL9IBmAFodHRwczovL3d3dy5kYWxsYXNuZXdzLmNvbS9mb29kL3Jlc3RhdXJhbnQtbmV3cy8yMDI0LzA2LzExL3plcm8td2lucy1qYW1lcy1iZWFyZC1kYWxsYXMtY2hlZnMtcmVzdGF1cmFudHMtbHVjaWEtZ2VtbWEtcGV0cmEtZGlzYXBwb2ludGVkLz9vdXRwdXRUeXBlPWFtcA?oc=5,,entertainment,[],entertainment
"Amy Robach and T.J. Holmes' exes, Andrew Shue and Marilee Fiebig, get handsy in first PDA photos since shocking dating news - Page Six",A source close to the couple told Page Six in March that they are “fully together and committed” but not looking to get married anytime soon.,https://pagesix.com/2024/06/11/entertainment/andrew-shue-kisses-marilee-fiebig-grabs-butt-in-first-pda-photos/,"Andrew Shue and Marilee Fiebig were photographed kissing for the first time since Page Six broke news of their romance in December 2023. BrosNYC / BACKGRID
Andrew Shue and Marilee Fiebig, the exes o… [+4319 chars]",entertainment,"['andrew', 'shue', 'marilee', 'fiebig', 'photographed', 'kissing', 'first', 'time', 'since', 'page', 'six', 'broke', 'news', 'romance', 'december', 'brosnyc', 'backgrid', 'andrew', 'shue', 'marilee', 'fiebig', 'exes', 'chars']",entertainment
These chefs and restaurants are the 2024 James Beard Award winners - CNN,The Oscars of the food world — the James Beard Awards — were handed out on Monday night to many chefs and restaurants reflecting cultures and regions that have long been overlooked when honoring culinary achievement in the United States.,https://www.cnn.com/travel/james-beard-award-winners-2024/index.html,The Oscars of the food world the James Beard Awards were handed out Monday night to many chefs and restaurants reflecting cultures and regions that have long been overlooked when honoring culinary ac… [+9972 chars],entertainment,"['oscars', 'food', 'world', 'james', 'beard', 'awards', 'handed', 'monday', 'night', 'many', 'chefs', 'restaurants', 'reflecting', 'cultures', 'regions', 'long', 'overlooked', 'honoring', 'culinary', 'chars']",entertainment
"Defense attorney for rapper Young Thug found in contempt, ordered to spend 10 weekends in jail - Yahoo! Voices",A Georgia judge has ordered a lawyer for rapper Young Thug to spend the next 10 weekends in jail after finding him in contempt.  Defense attorney Brian Steel...,https://www.yahoo.com/news/defense-attorney-rapper-young-thug-161413188.html,"ATLANTA (AP) A Georgia judge has ordered a lawyer for rapper Young Thug to spend the next 10 weekends in jail after finding him in contempt.
Defense attorney Brian Steel represents the rapper, who i… [+4978 chars]",entertainment,"['atlanta', 'ap', 'georgia', 'judge', 'ordered', 'lawyer', 'rapper', 'young', 'thug', 'spend', 'next', '10', 'weekends', 'jail', 'finding', 'contempt', 'defense', 'attorney', 'brian', 'steel', 'represents', 'rapper', 'chars']",entertainment
Paul Giamatti Joins ‘Star Trek: Starfleet Academy’ as Main Villain - Variety,'Star Trek: Starfleet Academy' has cast Paul Giamatti in a recurring guest role as the first season's main villain.,https://variety.com/2024/tv/news/star-trek-paul-giamatti-starfleet-academy-villain-1236032978/,"Set phasers to stunned. In another casting coup, the upcoming Paramount+ series “Star Trek: Starfleet Academy” has cast Emmy winner and multiple Oscar nominee Paul Giamatti in a recurring guest role … [+2594 chars]",entertainment,"['set', 'phasers', 'stunned', 'another', 'casting', 'coup', 'upcoming', 'series', 'star', 'trek', 'starfleet', 'academy', 'cast', 'emmy', 'winner', 'multiple', 'oscar', 'nominee', 'paul', 'giamatti', 'recurring', 'guest', 'role', 'chars']",entertainment
Louisiana rapper Juvenile honored with 'Back That Thang Up' Day - WDSU New Orleans,New Orleans rapper Juvenile celebrates 25th anniversary of the release of his big hit,https://www.wdsu.com/article/new-orleans-rapper-juvenile-back-that-thang-up-day/61070256,"NEW ORLEANS —Twenty-five years ago, one of the biggest and most well-known tracks from New Orleans was released to the world. 
The song ""Back That Thang Up"" by New Orleans rapper Juvenile was releas… [+535 chars]",entertainment,"['new', 'orleans', 'years', 'ago', 'one', 'biggest', 'tracks', 'new', 'orleans', 'released', 'world', 'song', 'back', 'thang', 'new', 'orleans', 'rapper', 'juvenile', 'chars']",entertainment
"After a 13-year hiatus, who’s playing at HFStival in DC? - WTOP","One of the Washington, D.C. area’s most popular music festivals — the HFStival — is returning late this summer, and relocating to Nationals Park.",https://wtop.com/local/2024/06/after-a-13-year-hiatus-whos-playing-at-hfstival-in-dc/,"One of the D.C. area’s most popular music festivals the HFStival is returning in September, and relocating to Nationals Park.
After a week of buzz, generated last week by a post on social media, I.M… [+1448 chars]",entertainment,"['one', 'area', 'popular', 'music', 'festivals', 'hfstival', 'returning', 'september', 'relocating', 'nationals', 'park', 'week', 'buzz', 'generated', 'last', 'week', 'post', 'social', 'media', 'chars']",entertainment
‘Presumed Innocent’ suits up Jake Gyllenhaal for a pulpy courtroom drama - CNN,Jake Gyllenhaal stars as an accused prosecutor in an Apple TV+ limited series take on the 1990 movie starring Harrison Ford.,https://www.cnn.com/2024/06/11/entertainment/presumed-innocent-review-jake-gyllenhaal/index.html,"Bearing little resemblance to the 1990 movie starring Harrison Ford, Presumed Innocent has become an Apple TV+ limited series with an old-fashioned, pulpy feel old-fashioned in the way classic courtr… [+2627 chars]",entertainment,"['bearing', 'little', 'resemblance', '1990', 'movie', 'starring', 'harrison', 'ford', 'presumed', 'innocent', 'become', 'apple', 'limited', 'series', 'pulpy', 'feel', 'way', 'classic', 'chars']",technology
Kuya Lord Chef Lord Maynard Llera Takes Home the James Beard Award for Best Chef: California - Eater LA,Maynard’s win was the only one for Los Angeles this year,https://la.eater.com/2024/6/11/24175874/james-beard-foundation-awards-2024-winners-los-angeles,"Kuya Lord chef Lord Maynard Llera won the James Beard Award for Best Chef: California at the 2024 ceremony held on June 10 in Chicago. This is his first James Beard Award win, and the only award Los … [+2653 chars]",entertainment,"['kuya', 'lord', 'chef', 'lord', 'maynard', 'llera', 'james', 'beard', 'award', 'best', 'chef', 'california', '2024', 'ceremony', 'held', 'june', '10', 'chicago', 'first', 'james', 'beard', 'award', 'win', 'award', 'los', 'chars']",entertainment
"Why stop watching so much TV? It affects how you age, new study says - CNN","Get moving for healthy aging, particularly if you spend a lot of time on the couch. A new study shows just how much swapping activity for TV can impact how you age.",https://www.cnn.com/2024/06/11/health/sedentary-tv-aging-wellness/index.html,"Sign up for CNNs Fitness, But Better newsletter series. Our seven-part guide will help you ease into a healthy routine, backed by experts.
Swapping out time in front of the TV for physical activity … [+4142 chars]",health,"['sign', 'cnns', 'fitness', 'better', 'newsletter', 'series', 'guide', 'help', 'ease', 'healthy', 'routine', 'backed', 'experts', 'swapping', 'time', 'front', 'tv', 'physical', 'activity', 'chars']",health
"Bird flu detected in wastewater samples in greater Houston area but no human cases, officials say - KTRK-TV",,https://news.google.com/rss/articles/CBMiWmh0dHBzOi8vYWJjMTMuY29tL3Bvc3QvYmlyZC1mbHUtZGV0ZWN0ZWQtd2FzdGV3YXRlci1zYW1wbGVzLWdyZWF0ZXItaG91c3Rvbi1hcmVhLzE0OTM2MzEyL9IBAA?oc=5,,health,[],health
"As COVID cases climb in California, a look at symptoms and testing - San Francisco Chronicle",,https://www.sfchronicle.com/health/article/covid-summer-symptoms-testing-19507058.php,,health,[],health
[Removed],[Removed],https://removed.com,[Removed],health,['removed'],health
"Vegan fake meats linked to heart disease, early death: study - New York Post ","“It is important to emphasize that just because a food or drink is technically plant-based, it does not mean it is healthy,” said Duane Mellor, a dietitian and spokesperson for the British Di…",https://nypost.com/2024/06/11/lifestyle/vegan-fake-meats-linked-to-heart-disease-early-death-study/,"This is not ha-pea news for vegans.
While experts extol the health and environmental benefits of a diet free of animal products, new research suggests that consuming ultra-processed vegan food can i… [+3423 chars]",health,"['news', 'vegans', 'experts', 'extol', 'health', 'environmental', 'benefits', 'diet', 'free', 'animal', 'products', 'new', 'research', 'suggests', 'consuming', 'vegan', 'food', 'chars']",health
"Stray cat tests positive for rabies in Voorhees, NJ - WPVI-TV","A stray cat has tested positive for rabies in Voorhees, New Jersey, health officials announced on Tuesday.",https://6abc.com/post/stray-cat-tests-positive-rabies-voorhees-new-jersey/14936115/,"VOORHEES, New Jersey (WPVI) -- A stray cat has tested positive for rabies in Voorhees, New Jersey, health officials announced on Tuesday.
The cat was brought to an animal shelter on May 23 to be mon… [+2354 chars]",health,"['voorhees', 'new', 'jersey', 'wpvi', 'stray', 'cat', 'tested', 'positive', 'rabies', 'voorhees', 'new', 'jersey', 'health', 'officials', 'announced', 'tuesday', 'cat', 'brought', 'animal', 'shelter', 'may', '23', 'chars']",health
Moderna president: Company outlook 'stabilizing' thanks to new flu-COVID vaccine data - Yahoo Finance,Moderna revealed its combination flu/COVID vaccine performed better than the two shots independently.,https://finance.yahoo.com/news/moderna-president-company-outlook-stabilizing-thanks-to-new-flu-covid-vaccine-data-155345031.html,"Moderna (MRNA) is on its way to getting a third mRNA-based vaccine approved by the FDA if the regulatory agency likes the data released Monday for a combination flu-COVID shot.
The company said the … [+3861 chars]",health,"['moderna', 'mrna', 'way', 'getting', 'third', 'vaccine', 'approved', 'fda', 'regulatory', 'agency', 'likes', 'data', 'released', 'monday', 'combination', 'shot', 'company', 'said', 'chars']",business
4 signs your body needs a break and 1 easy trick to combat stress - New York Post ,"According to recent research, the biggest stressors of daily American life are finances (52%), current events (37%), health (37%) and relationships (29%).",https://nypost.com/2024/06/11/lifestyle/4-signs-your-body-needs-a-break-and-1-easy-trick-to-combat-stress/,"Don’t say yes to the stress.
According to recent research, the biggest stressors of daily American life are finances (52%), current events (37%), health (37%) and relationships (29%).
When our bodi… [+5575 chars]",health,"['say', 'yes', 'stress', 'according', 'recent', 'research', 'biggest', 'stressors', 'daily', 'american', 'life', 'finances', '52', 'current', 'events', '37', 'health', '37', 'relationships', '29', 'chars']",health
Microplastics found in every semen test sample in study - Boing Boing,,https://boingboing.net/2024/06/11/microplastics-found-in-every-semen-test-sample-in-study.html,,health,[],health
Ohio leads country in percentage increase of strokes: What's causing it - Dayton Daily News,,https://www.daytondailynews.com/ohio/ohio-leads-country-in-percentage-increase-of-strokes-whats-causing-it/6Y2OQUJZFVHR7OMTXUDRJMZBCE/,"After seeing a few years of declining strokes, the U.S. has reversed course, seeing increases in the prevalence of strokes over the last decade, with Ohio leading the nation, according to the Centers… [+6500 chars]",health,"['seeing', 'years', 'declining', 'strokes', 'reversed', 'course', 'seeing', 'increases', 'prevalence', 'strokes', 'last', 'decade', 'ohio', 'leading', 'nation', 'according', 'chars']",health
Weight loss coach reveals 3 foods that could sabotage your goals - New York Post ,"“These foods I’m seeing eaten in excess, not moderation, which can make weight loss really difficult,” Jenna Rizzo said in a Monday TikTok that has enticed more than 28,200 views.",https://nypost.com/2024/06/11/lifestyle/weight-loss-coach-reveals-3-foods-that-could-sabotage-your-goals/,"She’s no friend of store-bought blends.
Pre-made smoothies and cocktails as well as frozen foods should be avoided if you’re trying to shed pounds, a Georgia women’s weight loss coach claims.
“Thes… [+2453 chars]",health,"['friend', 'blends', 'smoothies', 'cocktails', 'well', 'frozen', 'foods', 'avoided', 'trying', 'shed', 'pounds', 'georgia', 'women', 'weight', 'loss', 'coach', 'claims', 'chars']",health
Consistent ADHD medication use linked to lower crime rates in adolescents - PsyPost,"Adolescents in the Netherlands who consistently take their ADHD medication are significantly less likely to commit minor offenses, according to a recent study.",https://www.psypost.org/consistent-adhd-medication-use-linked-to-lower-crime-rates-in-adolescents/,A study from the Netherlands found that adolescents with attention-deficit/hyperactivity disorder (ADHD) who consistently take their medication are 33% to 38% less likely to commit minor offenses com… [+3732 chars],health,"['study', 'netherlands', 'found', 'adolescents', 'disorder', 'adhd', 'consistently', 'take', 'medication', '33', '38', 'less', 'likely', 'commit', 'minor', 'offenses', 'chars']",science
"As FDA urges crackdown on bird flu in raw milk, some states say their hands are tied - CBS News","While raw milk can't be sold over state lines, some states permit sales within their borders.",https://www.cbsnews.com/news/bird-flu-raw-milk-fda-crackdown-wyoming-iowa-minnesota/,Officials in two of the three states probing their first cases of bird flu in dairy cattle this month said their hands are tied after the Food and Drug Administration pleaded with states to ramp up t… [+6129 chars],health,"['officials', 'two', 'three', 'states', 'probing', 'first', 'cases', 'bird', 'flu', 'dairy', 'cattle', 'month', 'said', 'hands', 'tied', 'food', 'drug', 'administration', 'pleaded', 'states', 'ramp', 'chars']",health
New Lung Cancer Treatment Boasts 'Unprecedented' Trial Results - ExtremeTech,,https://www.extremetech.com/science/new-lung-cancer-treatment-boasts-unprecedented-trial-results,,health,[],health
Why stress and depression take a toll on women’s heart health - The Washington Post,A growing body of evidence suggests the effects of mental health have a disproportionate impact on women’s bodies.,https://www.washingtonpost.com/wellness/2024/06/11/depression-stress-women-heart-health/,"Dianne Travis-Teague remembers clutching her chest as she navigated the chaos of a crowded hospital parking lot, searching for a space amid the throng of vehicles. For weeks a clinic in her hometown … [+9760 chars]",health,"['dianne', 'remembers', 'clutching', 'chest', 'navigated', 'chaos', 'crowded', 'hospital', 'parking', 'lot', 'searching', 'space', 'amid', 'throng', 'vehicles', 'weeks', 'clinic', 'hometown', 'chars']",health
New neuroscience research reveals the remarkable impact of exercise on brain cells - PsyPost,"Exercise rejuvenates brain cells in aging mice, reversing inflammation and improving memory, suggesting it as a powerful tool to combat cognitive decline with age.",https://www.psypost.org/new-neuroscience-research-reveals-the-remarkable-impact-of-exercise-on-brain-cells/,New research published in the journal Aging Cell sheds light on the potential of exercise to prevent or slow down cognitive decline associated with aging. This study found that exercise can significa… [+6413 chars],health,"['new', 'research', 'published', 'journal', 'aging', 'cell', 'sheds', 'light', 'potential', 'exercise', 'prevent', 'slow', 'cognitive', 'decline', 'associated', 'aging', 'study', 'found', 'exercise', 'chars']",science
Weight loss surgery more effective than obesity drugs: study - New York Post ,"“Surgery needs to play a bigger role in obesity treatment and be considered earlier in the disease process,” said study co-author and bariatric surgeon Dr. Marina Kurian of NYU Langone …",https://nypost.com/2024/06/11/lifestyle/weight-loss-surgery-more-effective-than-obesity-drugs-study/,"Sorry, Ozempic users.
Bariatric surgery leads to more weight loss that’s longer-lasting compared to drugs like Ozempic and Wegovy and behavioral changes such as diet and exercise, new research finds… [+3598 chars]",health,"['sorry', 'ozempic', 'users', 'bariatric', 'surgery', 'leads', 'weight', 'loss', 'compared', 'drugs', 'like', 'ozempic', 'wegovy', 'behavioral', 'changes', 'diet', 'exercise', 'new', 'research', 'chars']",science
Patients prescribed Ozempic and other similar drugs facing serious medical issues - TribLIVE,"Multidistrict litigation filed against Ozempic; cases estimated to reach over 10,000 According to the Centers for Disease Control and Prevention, rates of obesity have steadily increased over the past few decades, with a staggering 41.2% of adults in the Unit…",https://triblive.com/news/partner-news/patients-prescribed-ozempic-and-other-similar-drugs-facing-serious-medical-issues/,"Multidistrict litigation filed against Ozempic; cases estimated to reach over 10,000
According to the Centers for Disease Control and Prevention, rates of obesity have steadily increased over the pa… [+3841 chars]",health,"['multidistrict', 'litigation', 'filed', 'ozempic', 'cases', 'estimated', 'reach', 'according', 'centers', 'disease', 'control', 'prevention', 'rates', 'obesity', 'steadily', 'increased', 'chars']",health
"Bat in house: How to remove a bat from your home, tips, who to call - Democrat & Chronicle",Advice on what to do if you or your pet come into contact with a bat.,https://www.democratandchronicle.com/story/news/2024/06/11/bat-in-house-how-to-remove-a-bat-from-your-home-tips-who-to-call/74042274007/,"The fear of creepy crawlies has been stoked to frenzied levels with news of the impending arrival of the Joro flying spider, a giant venomous spider that doesnt really fly so much as float, but, well… [+2968 chars]",health,"['fear', 'creepy', 'crawlies', 'stoked', 'frenzied', 'levels', 'news', 'impending', 'arrival', 'joro', 'flying', 'spider', 'giant', 'venomous', 'spider', 'doesnt', 'really', 'fly', 'much', 'float', 'chars']",health
"Is honeydew good for you? Melon nutrition facts, explained by experts - USA TODAY","Honeydew melon is often relegated to be filler in a fruit salad. But from a nutrition standpoint, experts say it's worth adding to your diet.",https://www.usatoday.com/story/life/health-wellness/2024/06/11/is-honeydew-good-for-you/73771853007/,"Honeydew melon is often relegated to be filler in a fruit salad. But from a nutrition standpoint, experts say it holds its own as a fruit worth adding to your diet.
""Eat more fruit, period,"" registe… [+2451 chars]",health,"['honeydew', 'melon', 'often', 'relegated', 'filler', 'fruit', 'salad', 'nutrition', 'standpoint', 'experts', 'say', 'holds', 'fruit', 'worth', 'adding', 'diet', 'eat', 'fruit', 'period', 'chars']",health
Boeing's Starliner has 5 'small' helium leaks as astronauts' ISS mission is extended: NASA - ABC News,The astronauts are now scheduled to return to Earth on June 18.,https://abcnews.go.com/US/boeings-starliner-5-small-helium-leaks-astronauts-iss/story?id=111012781,"Boeing's Starliner spacecraft is experiencing five ""small"" helium leaks as its first astronaut-crewed flight test continues, the aerospace company and NASA said in an update on Monday.
While a major… [+3023 chars]",science,"['boeing', 'starliner', 'spacecraft', 'experiencing', 'five', 'small', 'helium', 'leaks', 'first', 'flight', 'test', 'continues', 'aerospace', 'company', 'nasa', 'said', 'update', 'monday', 'chars']",business
Recent Solar Outbursts Trigger Dramatic Auroras on Mars - Gizmodo,"During a recent solar storm, NASA's Curiosity rover detected its highest-ever level of radiation reaching the surface of Mars.",https://gizmodo.com/mars-solar-storm-auroras-radiation-particles-1851532453,"A recent outburst from the Sun sent a strong blast of charged particles and radiation towards Mars, allowing scientists to get a rare glimpse at how these events unfold on planets other than Earth.
… [+3235 chars]",science,"['recent', 'outburst', 'sun', 'sent', 'strong', 'blast', 'charged', 'particles', 'radiation', 'towards', 'mars', 'allowing', 'scientists', 'get', 'rare', 'glimpse', 'events', 'unfold', 'planets', 'earth', 'chars']",science
Drug-resistant superbug that mutated in orbit thrives inside International Space Station - New York Post ,"A scientific study identified a drug-resistant superbug living with astronauts inside the International Space Station, according to a recently published report.",https://nypost.com/2024/06/11/us-news/superbug-that-mutated-in-orbit-thrives-inside-international-space-station/,"It’s an-out-of-this-world infestation. 
Astronauts aboard the International Space Station are living with a newly discovered supercharged, drug-resistant bug, according to a new scientific study. 
… [+1874 chars]",science,"['infestation', 'astronauts', 'aboard', 'international', 'space', 'station', 'living', 'newly', 'discovered', 'supercharged', 'bug', 'according', 'new', 'scientific', 'study', 'chars']",science
"Spaceflight is hard on humans, but scientists see no showstoppers - The Washington Post","New research said there is nothing that would prevent the continued expansion of humanity into space, including long-duration journeys to Mars.",https://www.washingtonpost.com/science/2024/06/11/spaceflight-astronaut-human-body/,"Spaceflight can be brutal on the human body bones lose density, muscles atrophy, the immune system goes haywire and countermeasures will be necessary if large numbers of people will be routinely livi… [+3161 chars]",science,"['spaceflight', 'brutal', 'human', 'body', 'bones', 'lose', 'density', 'muscles', 'atrophy', 'immune', 'system', 'goes', 'haywire', 'countermeasures', 'necessary', 'large', 'numbers', 'people', 'routinely', 'chars']",science
A missing link in the timeline of Earth's chemistry may have been found - Space.com,Eight reactions could connect ancient Earth to modern day. Here's how.,https://www.space.com/earth-modern-biochemistry-timeline-metabolic-reactions,"A missing piece of Earth's evolutionary timeline may have been found. Using computational modeling, a team of scientists explored how working backwards from modern biochemistry could help map out how… [+7013 chars]",science,"['missing', 'piece', 'earth', 'evolutionary', 'timeline', 'may', 'found', 'using', 'computational', 'modeling', 'team', 'scientists', 'explored', 'working', 'backwards', 'modern', 'biochemistry', 'could', 'help', 'map', 'chars']",science
The world agreed to ban this dangerous pollutant — and it's working - Yahoo! Voices,,https://www.yahoo.com/news/world-agreed-ban-dangerous-pollutant-163132355.html,"If you click 'Accept all', we and our partners, including 238 who are part of the IAB Transparency &amp; Consent Framework, will also store and/or access information on a device (in other words, use … [+678 chars]",science,"['click', 'partners', 'including', '238', 'part', 'iab', 'transparency', 'amp', 'consent', 'framework', 'also', 'store', 'access', 'information', 'device', 'words', 'use', 'chars']",science
Scientists make and test efficient water-splitting catalyst predicted by theory - Phys.org,"Hydrogen (H2) is a promising fuel for reducing greenhouse gases, especially if produced by using renewable energy to split water molecules (H2O). But as simple as it may seem to break water into hydrogen and oxygen, the chemistry is complex.",https://phys.org/news/2024-06-scientists-efficient-catalyst-theory.html,"This article has been reviewed according to Science X's 
editorial process
and policies.
Editors have highlighted
the following attributes while ensuring the content's credibility:
fact-checked… [+7929 chars]",science,"['article', 'reviewed', 'according', 'science', 'x', 'editorial', 'process', 'policies', 'editors', 'highlighted', 'following', 'attributes', 'ensuring', 'content', 'credibility', 'chars']",science
Polarized light yields fresh insight into mysterious fast radio bursts - Ars Technica,Scientists looked at how polarization changed direction to learn more about origins,https://arstechnica.com/science/2024/06/polarized-light-yields-fresh-insight-into-mysterious-fast-radio-bursts/,"Enlarge/ Artists rendition of how the angle of polarized light from a fast radio burst changes as it journeys through space. 
5
Astronomers have been puzzling over the origins of mysterious fast ra… [+4023 chars]",science,"['artists', 'rendition', 'angle', 'polarized', 'light', 'fast', 'radio', 'burst', 'changes', 'journeys', 'space', '5', 'astronomers', 'puzzling', 'origins', 'mysterious', 'fast', 'chars']",science
Making The Jump To Warp Speed Might Actually Be Possible One Day - Jalopnik,,https://news.google.com/rss/articles/CBMiV2h0dHBzOi8vamFsb3BuaWsuY29tL21ha2luZy10aGUtanVtcC10by13YXJwLXNwZWVkLW1pZ2h0LWFjdHVhbGx5LWJlLXBvc3NpYmwtMTg1MTUzMjM0MtIBAA?oc=5,,science,[],science
"As NASA watches Starship closely, here's what the agency wants to see next - Ars Technica","""What happens if I don't have a Human Landing System available to execute a mission?""",https://arstechnica.com/space/2024/06/as-nasa-watches-starship-closely-heres-what-the-agency-wants-to-see-next/,"Enlarge/ The rocket for SpaceX's fourth full-scale Starship test flight awaits liftoff from Starbase, the company's private launch base in South Texas.
27
Few people were happier with the successfu… [+5785 chars]",science,"['rocket', 'spacex', 'fourth', 'starship', 'test', 'flight', 'awaits', 'liftoff', 'starbase', 'company', 'private', 'launch', 'base', 'south', 'texas', '27', 'people', 'happier', 'chars']",business
‘Once-in-a-lifetime’ explosion will bring a new star to the night sky - CNN,Astronomers are anticipating the appearance of a “new star” triggered by an explosive event that could appear in the night sky anytime between now and September.,https://www.cnn.com/2024/06/11/science/nova-new-star-nasa-scn/index.html,"Sign up for CNNs Wonder Theory science newsletter. Explore the universe with news on fascinating discoveries, scientific advancements and more.
Astronomers are expecting a new star to appear in the … [+6581 chars]",science,"['sign', 'cnns', 'wonder', 'theory', 'science', 'newsletter', 'explore', 'universe', 'news', 'fascinating', 'discoveries', 'scientific', 'advancements', 'astronomers', 'expecting', 'new', 'star', 'appear', 'chars']",science
[Removed],[Removed],https://removed.com,[Removed],science,['removed'],science
Last-Chance Northern Lights Forecast: Here's Where You Could See Aurora Borealis Tonight - Forbes,"The Northern Lights are expected to be the most visible in Canada and Alaska, though states like Iowa, Wisconsin, North Dakota, Michigan, Montana and Minnesota may also get a chance to see the aurora borealis tonight.",https://www.forbes.com/sites/ariannajohnson/2024/06/11/last-chance-northern-lights-forecast-heres-where-you-could-see-aurora-borealis-tonight/,"Following a strong solar flare on Monday and geomagnetic storm activity over the weekend, Tuesday night may be the last time the U.S. will witness the Northern Lights this week, though they wont be a… [+4044 chars]",science,"['following', 'strong', 'solar', 'flare', 'monday', 'geomagnetic', 'storm', 'activity', 'weekend', 'tuesday', 'night', 'may', 'last', 'time', 'witness', 'northern', 'lights', 'week', 'though', 'wont', 'chars']",science
Watch SpaceX's Starship Super Heavy booster splash down in this epic video - Space.com,"Starship aced its fourth test flight, with both of its stages coming softly back to Earth as planned.",https://www.space.com/spacex-starship-flight-4-super-heavy-landing-video,"Watching Starship come back to Earth last week was perhaps even more exciting than seeing it rise off the pad.
SpaceX launched its Starship megarocket for the fourth time ever on June 6, sending the… [+2752 chars]",science,"['watching', 'starship', 'come', 'back', 'earth', 'last', 'week', 'perhaps', 'even', 'exciting', 'seeing', 'rise', 'pad', 'spacex', 'launched', 'starship', 'megarocket', 'fourth', 'time', 'ever', 'june', '6', 'sending', 'chars']",science
Stoke Space ignites its ambitious main engine for the first time - Ars Technica,"""This industry is going toward full reusability. To me, that is the inevitable end state.""",https://arstechnica.com/space/2024/06/stoke-space-ignites-its-ambitious-main-engine-for-the-first-time/,"Enlarge/ A drone camera captures the hotfire test of Stoke Space's full-flow staged combustion engine at the company's testing facility in early June.
138
On Tuesday, Stoke Space announced the firi… [+4123 chars]",science,"['drone', 'camera', 'captures', 'hotfire', 'test', 'stoke', 'space', 'staged', 'combustion', 'engine', 'company', 'testing', 'facility', 'early', 'june', '138', 'tuesday', 'stoke', 'space', 'announced', 'chars']",business
Chinese astronomers discover a high-velocity star ejected from globular cluster Messier 15 - Phys.org,"Chinese astronomers report the discovery of a new high-velocity star about 4,200 light years away. The newfound star, designated J0731+3717, turned out to be ejected from the globular cluster Messier 15 by an intermediate-mass black hole. The finding was pres…",https://phys.org/news/2024-06-chinese-astronomers-high-velocity-star.html,"This article has been reviewed according to Science X's 
editorial process
and policies.
Editors have highlighted
the following attributes while ensuring the content's credibility:
fact-checked… [+393 chars]",science,"['article', 'reviewed', 'according', 'science', 'x', 'editorial', 'process', 'policies', 'editors', 'highlighted', 'following', 'attributes', 'ensuring', 'content', 'credibility', 'chars']",science
Pseudomagic quantum states: A path to quantum supremacy - Phys.org,"A new study in Physical Review Letters (PRL) introduces the concept of pseudomagic quantum states, which appear to have high stabilizerness (or complexity) and can move us closer to achieving quantum supremacy.",https://phys.org/news/2024-06-pseudomagic-quantum-states-path-supremacy.html,"This article has been reviewed according to Science X's 
editorial process
and policies.
Editors have highlighted
the following attributes while ensuring the content's credibility:
fact-checked… [+6310 chars]",science,"['article', 'reviewed', 'according', 'science', 'x', 'editorial', 'process', 'policies', 'editors', 'highlighted', 'following', 'attributes', 'ensuring', 'content', 'credibility', 'chars']",science
What's the difference between a rock and a mineral? - Livescience.com,"Rocks and minerals are closely related, but there are fundamental differences between the two.",https://www.livescience.com/planet-earth/geology/whats-the-difference-between-a-rock-and-a-mineral,"Rocks and minerals hold precious clues about how Earth formed and evolved over billions of years — but what is the difference between the two?
In essence, rocks are aggregates of two or more mineral… [+4953 chars]",science,"['rocks', 'minerals', 'hold', 'precious', 'clues', 'earth', 'formed', 'evolved', 'billions', 'years', 'difference', 'two', 'essence', 'rocks', 'aggregates', 'two', 'chars']",science
The strongest solar radiation storm since 2017 just occurred - MLive.com,"The strongest solar radiation storm since 2017 occurred on June 8, 2024.",https://www.mlive.com/weather/2024/06/the-strongest-solar-radiation-storm-since-2017-just-occurred.html,"The strongest solar radiation storm in nearly seven years just occurred, according to the Space Weather Prediction Center.
On Saturday, June 8, an S3 solar radiation storm impacted Earth, the strong… [+433 chars]",science,"['strongest', 'solar', 'radiation', 'storm', 'nearly', 'seven', 'years', 'occurred', 'according', 'space', 'weather', 'prediction', 'center', 'saturday', 'june', '8', 's3', 'solar', 'radiation', 'storm', 'impacted', 'earth', 'chars']",science
Mars: 'Impossible' Discovery As Frost Found Near Equator - Forbes,"Frost has been spotted near Mars's equator for the first time, on its largest volcanoes, challenging previous beliefs about the martian climate.",https://www.forbes.com/sites/jamiecartereurope/2024/06/11/mars-impossible-discovery-as-frost-found-near-equator/,"This image shows Olympus Mons, the tallest volcano not only on Mars but in the entire Solar System. ... [+] The volcano measures some 600 km across. It was obtained in the early morning (7:20am Local… [+4007 chars]",science,"['image', 'shows', 'olympus', 'mons', 'tallest', 'volcano', 'mars', 'entire', 'solar', 'system', 'volcano', 'measures', '600', 'km', 'across', 'obtained', 'early', 'morning', 'chars']",science
